{
    "assaultcube.bat": 2.682015895843506,
    "chrome.exe": 2.880628824234009,
    "RDR.exe": 74.29695653915405,
    "Cheat Engine.exe": 3.441540241241455,
    "cslauncher.exe": 13.169686079025269
}