{
    "PlayRDR.exe": 3.6785385608673096,
    "RDR.exe": 69.43714737892151
}